<?xml version="1.0" encoding="UTF-8"?>
<bundle xmlns:xsi="http://www.w3.org/2001/XMLSchema-instance"
        name="快嘉接口定义规范" xsi:noNamespaceSchemaLocation="fastjrun-schema.xsd">
    <packets>
        <packet class="packet.app.RegistserRestRequestBody" parent="MavenTest.packet.BaseRequestBody">
            <field name="loginId" dataType="String" length="12"
                   canBeNull="false" remark="登录名"/>
            <field name="loginpwd" dataType="String" length="64"
                   canBeNull="false" remark="密码"/>
            <field name="sex" dataType="String" length="1"
                   canBeNull="true" remark="性别"/>
            <field name="nickName" dataType="String" length="30"
                   canBeNull="true" remark="昵称"/>
            <field name="mobileNo" dataType="String" length="20"
                   canBeNull="true" remark="手机号"/>
            <field name="email" dataType="String" length="30"
                   canBeNull="true" remark="手机号"/>
        </packet>
        <packet class="packet.app.LoginRestRequestBody" parent="MavenTest.packet.BaseRequestBody">
            <field name="loginName" dataType="String" length="12"
                   canBeNull="false" remark="登录名"/>
            <field name="loginpwd" dataType="String" length="64"
                   canBeNull="false" remark="密码"/>
        </packet>
        <packet class="packet.app.LoginRestResponseBody" parent="MavenTest.packet.BaseResponseBody">
            <field name="uuid" dataType="String" length="64"
                   canBeNull="false" remark="登录凭证"/>
            <field name="sex" dataType="String" length="1"
                   canBeNull="true" remark="性别"/>
            <field name="nickName" dataType="String" length="30"
                   canBeNull="true" remark="昵称"/>
            <field name="mobileNo" dataType="String" length="20"
                   canBeNull="true" remark="手机号"/>
            <field name="email" dataType="String" length="30"
                   canBeNull="true" remark="邮箱"/>
        </packet>
        <packet class="packet.app.AutoLoginRestRequestBody" parent="MavenTest.packet.BaseRequestBody">
            <field name="uuidOld" dataType="String" length="64"
                   canBeNull="false" remark="旧登录凭证"/>
        </packet>
    </packets>
    <services>
        <service name="userServiceRest" class="UserServiceRest">
            <method name="register" version="" path="register" remark="注册">
                <request class="packet.app.RegistserRestRequestBody"/>
            </method>
            <method name="login" version="" path="login" remark="登录">
                <extraParameters>
                    <parameter name="deviceId" dataType="String" length="64" remark="设备ID"/>
                </extraParameters>
                <request class="packet.app.LoginRestRequestBody"/>
                <response class="packet.app.LoginRestResponseBody"/>
            </method>
            <method name="login" version="v1_1" path="login" remark="登录v1.1">
                <extraParameters>
                    <parameter name="deviceId" dataType="String" length="64" remark="设备ID"/>
                </extraParameters>
                <request class="packet.app.LoginRestRequestBody"/>
                <response class="packet.app.LoginRestResponseBody"/>
            </method>
            <method name="autoLogin" version="" path="autoLogin" remark="自动登录">
                <extraParameters>
                    <parameter name="deviceId" dataType="String" length="64" remark="设备ID"/>
                </extraParameters>
                <request class="packet.app.AutoLoginRestRequestBody"/>
                <response class="packet.app.LoginRestResponseBody"/>
            </method>
        </service>
    </services>
    <controllers>
        <controller type="App" name="UserRestController" version=""
                    path="/app/user/" clientName="UserAppClient" tags="App接口"
                    remark="用户管理接口">
            <service name="userService" ref="userServiceRest"/>
        </controller>
    </controllers>
</bundle>