<?xml version="1.0" encoding="UTF-8"?>
<!--
  ~ Copyright (C) 2019 Fastjrun, Inc. All Rights Reserved.
  -->
<configuration>
    <Properties>
        <Property name="logLevel">debug</Property>
    </Properties>
    <Appenders>
        <Console name="Console" target="SYSTEM_OUT">
            <PatternLayout
                    pattern="[%d{MM-dd HH:mm:ss S}] %p[%5t][%c{1.}.%M][%L] %m%n"/>
        </Console>
        <RollingFile name="RollingFile"
                     fileName="${log4j2.rollingFile.fileName}.log"
                     filePattern="${log4j2.rollingFile.fileName}.%d{yyyy-MM-dd-}-%i.log.gz">

            <PatternLayout alwaysWriteExceptions="true" charset="UTF-8">
                <Pattern>[%d{MM-dd HH:mm:ss S}] %p[%5t][%c{1.}.%M][%L] %m%n</Pattern>
            </PatternLayout>
            <Policies>
                <TimeBasedTriggeringPolicy/>
                <SizeBasedTriggeringPolicy size="300 MB"/>
            </Policies>
            <DefaultRolloverStrategy max="200"/>
        </RollingFile>
    </Appenders>
    <Loggers>
        <logger name="org" level="warn" additivity="false">
            <appender-ref ref="Console"/>
        </logger>
        <logger name="com" level="warn" additivity="false">
            <appender-ref ref="Console"/>
        </logger>
        <logger name="MavenTest" level="${sys:logLevel}" additivity="false">
            <appender-ref ref="Console"/>
        </logger>
        <Root level="${root.level}">
            <AppenderRef ref="Console"/>
        </Root>
    </Loggers>
</configuration>